Hour,Temperature (°C),Humidity (%),Pressure (hPa),Solar Irradiance (W/m²)
2024-01-01 00:00:00,18.059596642454924,38.34608883279558,1004.3037553758908,348.5102752234056
2024-01-01 01:00:00,12.751775485092281,44.09791457330294,1001.9944783145396,472.70364034331334
2024-01-01 02:00:00,17.966826018115402,42.20333851900296,1000.4431484248025,370.12351445151444
2024-01-01 03:00:00,14.118640768174783,40.235024610232365,995.9576853967382,450.9751658577029
2024-01-01 04:00:00,18.91579572156571,51.33167118965673,995.99243700263,469.4848792359318
2024-01-01 05:00:00,16.463612045400467,49.692702549716905,1002.9238429937549,453.83068923552986
2024-01-01 06:00:00,15.917287667745052,58.65455058974749,1002.2900946044746,389.8622937353118
2024-01-01 07:00:00,19.78206129911843,45.78492677421499,997.7387949517478,367.7677781871357
2024-01-01 08:00:00,14.283335019692474,34.41805303421801,1005.344344151145,291.7335886159137
2024-01-01 09:00:00,18.729598329995287,39.494097492559334,1019.0684929913518,298.2908718751943
2024-01-01 10:00:00,16.399230754848656,47.49149437127466,988.5407281848235,334.84833886582084
2024-01-01 11:00:00,18.355081636750874,52.24546056364266,998.7717777232197,485.7300750933569
2024-01-01 12:00:00,13.924100018067962,44.962998334464864,996.4231063240862,446.53236824656665
2024-01-01 13:00:00,17.505521992299183,52.372283332913646,994.8197946965452,345.27246494844303
2024-01-01 14:00:00,14.687961008322397,44.86998075215965,989.9296545247454,478.5730410530605
2024-01-01 15:00:00,18.40050019650526,46.53153765182359,996.0085314799103,374.32994085462013
2024-01-01 16:00:00,21.28624546654243,50.78682283847087,999.5933211714755,238.96679179206194
2024-01-01 17:00:00,13.453874359860668,48.24238669602301,1004.5134375718377,387.845456796629
2024-01-01 18:00:00,17.888965995314283,52.672765242576126,1003.6860846256301,328.24446881620594
2024-01-01 19:00:00,17.311646226911503,41.434776630789635,1005.1755950396874,339.15495549791086
2024-01-01 20:00:00,23.374751316983193,51.4348280059862,1011.826595019526,308.7254356451686
2024-01-01 21:00:00,18.83364485600838,49.88703730991535,1017.8928803405802,439.61296954765004
2024-01-01 22:00:00,23.57649765622431,57.41179676077065,1000.1568065132183,518.5834472448942
2024-01-01 23:00:00,18.27597658606187,46.56961102436327,1016.7300251363105,425.47087135127623
2024-01-02 00:00:00,13.041497138749891,48.93102920801595,996.7240416540379,375.40156085541577
2024-01-02 01:00:00,17.16676458685821,56.59531065316538,992.4469817544215,503.76605356831095
2024-01-02 02:00:00,16.662434107345657,49.92371995208011,995.2600711646868,381.223522874006
2024-01-02 03:00:00,14.166787864327842,43.38682775447586,991.8348730955446,385.72657757835765
2024-01-02 04:00:00,15.744225266186731,57.57330964183814,1010.8347119748947,380.6182842515448
2024-01-02 05:00:00,17.56622590780213,48.45381050451994,996.3420248539319,389.3289161793087
2024-01-02 06:00:00,16.37296715689554,45.67667193075717,1002.8966791901257,437.5907775663941
2024-01-02 07:00:00,15.905753996669354,39.645407169161096,1004.6454691462291,293.4918301320863
2024-01-02 08:00:00,21.52088841219143,50.13489924110791,996.5294688572417,489.06734921832043
2024-01-02 09:00:00,19.675306860144197,49.305693746912205,1008.8221665986206,351.0604581351449
2024-01-02 10:00:00,20.174992628111642,51.307836289598804,998.617904957972,458.78471081454137
2024-01-02 11:00:00,15.97058826852336,49.80578663993751,1004.6141919960804,390.796020103942
2024-01-02 12:00:00,14.592144542136856,52.16946452284736,1000.5590794665522,341.12492346584463
2024-01-02 13:00:00,21.08498537411794,48.15685767906809,995.2183777220253,372.79979708583784
2024-01-02 14:00:00,15.29103337544059,46.101340259434714,989.4361233509317,337.69825275350064
2024-01-02 15:00:00,19.66962619748506,65.12619502766948,996.2075983910098,422.4666295648722
2024-01-02 16:00:00,20.812146200049803,60.42601179325495,995.3364281843373,432.87932546112387
2024-01-02 17:00:00,18.264545812886617,53.26800739598196,993.7205585461962,351.05140862283747
2024-01-02 18:00:00,20.878573947817653,43.50726912744194,997.8203786990936,386.74058629082197
2024-01-02 19:00:00,20.728788061876717,59.523043806269605,1003.1773089894155,467.37548680502465
2024-01-02 20:00:00,22.389025417336253,36.81159625685873,994.4594316695471,348.4052273146894
2024-01-02 21:00:00,20.086972476585156,56.47399682268454,985.346989801939,414.58656037469
2024-01-02 22:00:00,14.580959347017185,63.900956010805366,1000.5844583138,457.38809102676925
2024-01-02 23:00:00,20.856484515872324,48.976166037660995,1009.8124328754888,401.50436201641054
2024-01-03 00:00:00,15.05831059362985,55.79549793843834,988.8561457137436,376.5342299809908
2024-01-03 01:00:00,11.757034078452806,46.395761704776646,1000.4451168823656,434.74246379381765
2024-01-03 02:00:00,11.368557891131829,49.175807386568216,1007.238982679064,376.2476594953161
2024-01-03 03:00:00,16.465727993553557,48.73391469947669,995.6226751854492,443.2783277005419
2024-01-03 04:00:00,16.605242330009535,38.5259696849716,992.321484320195,381.07414877564037
2024-01-03 05:00:00,13.374943959815681,51.52788174375282,999.8427376126593,432.93216820370304
2024-01-03 06:00:00,16.527917165872854,58.139311721596734,1013.2011561148025,446.0302726422206
2024-01-03 07:00:00,12.800361909704952,47.047217650414204,994.128609820736,423.21529709789615
2024-01-03 08:00:00,18.24928683906424,49.28995296256522,1002.6904761784995,468.6236754761721
2024-01-03 09:00:00,16.096675000939726,56.01567822005341,989.7409033604281,335.4938229783513
2024-01-03 10:00:00,13.843570445806693,62.61656376315085,1000.2008876282258,337.72936462192706
2024-01-03 11:00:00,20.721853565340965,52.1345197824072,1009.4021676226804,462.07723138846114
2024-01-03 12:00:00,16.399412747502524,49.77176307967625,1013.2591710037842,455.79779062756256
2024-01-03 13:00:00,18.852764540731766,45.175670436986145,1007.3933473632401,460.65747703273104
2024-01-03 14:00:00,19.08253244266586,52.47900269350757,1014.9335742317422,375.5065187017185
2024-01-03 15:00:00,19.058965520598797,39.02283015116659,1006.746144831967,438.33990226629635
2024-01-03 16:00:00,17.22320822003659,47.145278588475314,1003.610395567469,189.593874921109
2024-01-03 17:00:00,17.667211940814358,59.09052071274357,1026.0949652159031,344.2762646372262
2024-01-03 18:00:00,20.90304930579963,36.16673869195942,1002.477596409345,436.24641528864146
2024-01-03 19:00:00,22.874151184105944,45.19381671034998,993.3578335196084,527.6275251858807
2024-01-03 20:00:00,14.787327253359983,62.781442463333285,976.104047010757,406.8506563593433
2024-01-03 21:00:00,16.308230153788383,54.64448675982223,1001.8693004056571,441.158755340919
2024-01-03 22:00:00,15.67960875771462,41.873039844718086,1005.2777307914902,387.80321386307554
2024-01-03 23:00:00,14.107692366366324,53.338678423239294,1000.8777470152178,376.56000407929537
2024-01-04 00:00:00,14.536081899918926,41.61914151038562,1000.3839345029218,340.7822464119381
2024-01-04 01:00:00,13.183743479217044,54.6561782885589,1010.5280868096489,463.0495602067565
2024-01-04 02:00:00,15.48471112136665,51.66824035601496,1002.5391514340654,352.5156329433956
2024-01-04 03:00:00,14.495037244103996,43.35693860145332,983.7442504953161,401.8671516010871
2024-01-04 04:00:00,21.054480310053144,53.42686927888111,1012.2450324624529,368.66643004473826
2024-01-04 05:00:00,14.810032936826596,44.838119657773774,995.0341746701841,363.82775248889334
2024-01-04 06:00:00,15.139465334905397,42.039770111174974,1005.8666605454691,430.494773404795
2024-01-04 07:00:00,17.78801981145891,41.35881620493712,987.8666506272126,384.6026885585002
2024-01-04 08:00:00,16.403582773495412,53.42871945557898,978.6050139054896,360.9539881202492
2024-01-04 09:00:00,12.44706348928324,53.453914421099135,995.9901010367703,290.97313545969547
2024-01-04 10:00:00,18.14591999075248,45.17657072094545,997.8155691369388,524.2195008481244
2024-01-04 11:00:00,22.719073598428224,42.45349866036823,999.4359843281719,358.27620119599305
2024-01-04 12:00:00,18.259018502546652,45.7723766511458,1003.6113207372736,323.3260331986745
2024-01-04 13:00:00,22.74005396555681,42.692645729373375,1000.1443584111098,249.05871189246076
2024-01-04 14:00:00,14.128229648989432,44.73514028322586,1001.2792329819454,416.7851818995728
2024-01-04 15:00:00,20.82705667135042,50.7230639408995,999.6117871774301,471.5187073306508
2024-01-04 16:00:00,19.916433915716894,49.470918366628524,1014.1602521766273,383.21985545003105
2024-01-04 17:00:00,14.2316669550722,44.74377852845708,992.6751475457012,388.65717251139114
2024-01-04 18:00:00,20.942403765403405,48.06893781822824,1002.7635789277539,447.95108325051416
2024-01-04 19:00:00,17.2163274162524,47.54485608046122,1006.9983870272481,443.71708969290256
2024-01-04 20:00:00,17.929601573593352,44.67912609828079,993.8020502774301,348.8178363369298
2024-01-04 21:00:00,19.19646533647201,64.90128407922221,1004.7982484419508,457.82024479925076
2024-01-04 22:00:00,15.550806231322426,50.355845202983424,1021.1909489830092,290.1964857940732
2024-01-04 23:00:00,24.152994361722566,42.96531788634081,998.6429630806189,414.78979446122304
2024-01-05 00:00:00,19.608226910600884,54.128931445474734,996.7936687722898,385.32248175081355
2024-01-05 01:00:00,18.303466195225038,62.627531347931914,989.9877831096956,451.43181201778424
2024-01-05 02:00:00,19.991112400965424,53.4097629625968,992.7613193715324,435.1749755863514
2024-01-05 03:00:00,18.564113832422404,55.28388538734407,1009.260444944176,558.792280307056
2024-01-05 04:00:00,16.52336019619571,53.35444298601461,1004.4560058440092,461.34810414927705
2024-01-05 05:00:00,17.620774712109508,55.649026400338926,1003.0154696535889,456.79982018941695
2024-01-05 06:00:00,16.07625916387168,34.920259064203385,1005.930077076819,472.9480744296455
2024-01-05 07:00:00,21.3010803932657,53.636314260464594,993.513830179969,421.1040462359718
2024-01-05 08:00:00,16.077315859937023,48.34046197593853,1000.8150211870993,454.8581096372736
2024-01-05 09:00:00,15.269980372641408,41.77617885235333,1005.5389347126126,423.330890113787
2024-01-05 10:00:00,15.06469557007501,47.95386147347321,1005.066901956287,376.3883565592834
2024-01-05 11:00:00,12.197003521868893,45.378742575340546,1000.1821256112484,352.0713847457382
2024-01-05 12:00:00,18.292945612214886,47.47883174895794,997.3780042938939,317.4709335842261
2024-01-05 13:00:00,17.470737617894674,48.4462310383955,992.8873300756455,291.1816799122948
2024-01-05 14:00:00,18.12326763233848,52.483515663811225,1002.5729768324863,349.41039382479613
2024-01-05 15:00:00,17.93247321498616,54.26518757297665,1010.2900221817614,337.72231213758937
2024-01-05 16:00:00,20.074263212891108,49.80535136615157,1005.44669501928,335.15796818948866
2024-01-05 17:00:00,20.587850056321795,48.883742321186766,1009.103046891173,383.67538147683405
2024-01-05 18:00:00,17.344101937766336,42.916640586495966,1016.9497446700476,504.209202470467
2024-01-05 19:00:00,15.754615556699823,55.556543355390964,1014.9179239140258,460.3245705461131
2024-01-05 20:00:00,14.486141138830716,52.377305575592175,999.5503021384601,409.92471416470835
2024-01-05 21:00:00,18.533299655318217,54.18805709844878,1001.6910126925386,402.92901144991947
2024-01-05 22:00:00,15.952227258100121,46.44429195173649,1002.1482866670741,392.36223138112723
2024-01-05 23:00:00,16.59760196720602,57.35162300255838,1012.8641756546504,324.2191858458495
2024-01-06 00:00:00,21.872324358205017,44.84036648539371,1001.5614285581936,407.42092467289785
2024-01-06 01:00:00,18.815378643154396,59.259252892276855,1007.0019312483364,386.6715870231213
2024-01-06 02:00:00,22.363818004173748,32.3105772739842,981.7898478808319,424.6787998120289
2024-01-06 03:00:00,17.717310139272417,51.165483778828786,1003.7414585718797,383.45005794546654
2024-01-06 04:00:00,15.59331202603351,43.110862850391435,1008.6372709577178,376.54707825690997
2024-01-06 05:00:00,17.97204511991487,57.71954011599292,1016.3162709879985,343.0451590058569
2024-01-06 06:00:00,15.577526348282811,52.75394540408383,1011.6147315049012,552.4681042286148
2024-01-06 07:00:00,14.94164501838432,38.470606312198775,991.5225227959864,316.2958548474515
2024-01-06 08:00:00,17.53312964928793,54.83061688441575,1010.4609032790962,386.5828615896996
2024-01-06 09:00:00,20.81039593020679,47.12177832483635,1013.0080013836038,342.3988421637064
2024-01-06 10:00:00,15.998823600351427,38.021463054458884,1013.8298622224685,434.0149726771163
2024-01-06 11:00:00,15.883067081751433,53.19618359845853,992.0252186117186,448.9793078144685
2024-01-06 12:00:00,19.216189397729618,55.52700112355813,996.7648636522758,347.0570154673619
2024-01-06 13:00:00,11.336422591000122,51.0514861827754,995.2382420460518,390.89521773227057
2024-01-06 14:00:00,20.73421390753566,43.93596726976465,995.3200267030993,466.46278110307367
2024-01-06 15:00:00,15.452854376800717,53.885961793633435,1007.4326992419032,365.9063080593294
2024-01-06 16:00:00,22.224801887650926,52.55746275287435,997.5113696496691,357.92336978950124
2024-01-06 17:00:00,15.388587187053803,45.048183012964124,1008.5491881247887,393.12439440550406
2024-01-06 18:00:00,21.054916539114913,57.61786719600564,999.0496361445372,544.3848230077284
2024-01-06 19:00:00,18.414317983932136,49.77424607801908,1009.2447310514091,343.6394257313968
2024-01-06 20:00:00,21.11079913571423,43.807853894987325,990.1139187196112,457.0131490342128
2024-01-06 21:00:00,14.206046839276084,49.78192197969119,1003.105826202591,269.6875910458684
2024-01-06 22:00:00,15.104823183749723,52.32201017172448,989.6195623801708,332.37209853071545
2024-01-06 23:00:00,14.303923106226506,55.82050987860276,990.1401676318288,347.2254747596048
2024-01-07 00:00:00,16.788551700218296,59.37179561380984,983.4437075337618,319.1742910568939
2024-01-07 01:00:00,15.067218838882008,62.3600501481626,1002.0399461838118,368.8488278305799
2024-01-07 02:00:00,17.561009695951956,45.11709143139576,994.3526184321398,291.0319720031057
2024-01-07 03:00:00,19.403583884261877,52.28991252583567,996.869144971919,356.4552863632896
2024-01-07 04:00:00,20.606898211620756,46.740514618699535,990.6177030260109,425.8849775180641
2024-01-07 05:00:00,10.684771929344153,48.26801299843995,998.0329669511133,300.25717709068215
2024-01-07 06:00:00,17.53470849195239,67.50406712364746,1002.8681779738071,272.01985246630295
2024-01-07 07:00:00,14.945042742384137,52.802157596759265,997.0525208178736,382.2707180911384
2024-01-07 08:00:00,22.3322714073242,51.88771947057119,992.2765251665993,373.58478543524234
2024-01-07 09:00:00,14.520308247781452,45.50704655962402,1007.4183420692943,329.9027770700074
2024-01-07 10:00:00,24.20749329253201,31.45565683165611,1005.1264332868741,413.42083201262267
2024-01-07 11:00:00,18.007840403300392,45.123680316449004,995.4167010785815,439.96197518203354
2024-01-07 12:00:00,21.998941596646358,57.503082983244695,995.342878378377,409.67467351008776
2024-01-07 13:00:00,15.717469029190747,51.403118232767184,989.4102988298572,371.55199781966326
2024-01-07 14:00:00,16.25508895210646,55.22757644719771,1018.4284762953297,395.15597312239987
2024-01-07 15:00:00,18.890630893629325,48.51726493562265,997.9030666036311,429.80124946247133
2024-01-07 16:00:00,15.980210696662523,54.049398087816996,1009.0382042264177,444.83596739703677
2024-01-07 17:00:00,18.086704852469875,62.98086898344851,1000.2065146097663,417.89033904210436
2024-01-07 18:00:00,18.17173545538529,52.720331792789075,993.5215869383514,453.52692006624505
2024-01-07 19:00:00,17.336292985320686,50.19304820671679,1018.2405612789962,357.8420668032624
2024-01-07 20:00:00,16.481408383527462,50.098005637372125,992.2213210391659,338.0165970276832
2024-01-07 21:00:00,15.92255708719494,56.91990184642168,1000.7266662201397,426.12635388853755
2024-01-07 22:00:00,15.117693414000025,56.720786531060305,1007.3399292848538,441.0251027743477
2024-01-07 23:00:00,14.280588152152736,66.07681494885847,1016.9112517838859,432.42787131390895
2024-01-08 00:00:00,19.93979714826718,43.840413705701955,1009.6690806834257,329.7592316668882
2024-01-08 01:00:00,14.028379800362758,42.22396804710376,1014.0882270496701,325.5251638356363
2024-01-08 02:00:00,17.432090015675602,49.92406535531601,991.2841058091581,432.5025816784762
2024-01-08 03:00:00,19.078955246745096,52.00382071605208,1014.8992434364039,452.1775087480209
2024-01-08 04:00:00,17.214603611796996,52.47869547639021,1002.9526095015373,385.2732479887524
2024-01-08 05:00:00,16.658044065370362,42.32815036356481,996.4601399766929,367.4165215191056
2024-01-08 06:00:00,20.870968288580034,47.59736890047364,1000.4846341415795,507.96992180103626
2024-01-08 07:00:00,19.770542086376413,52.43796413654305,1011.9716195626806,465.74065020871467
2024-01-08 08:00:00,19.24944929010964,47.446821940184975,1011.8765443902665,392.26442309326103
2024-01-08 09:00:00,19.34823869860399,43.19421300483426,991.1113809662296,346.65431699948914
2024-01-08 10:00:00,18.523197326766827,53.88766238426782,998.0976990547784,332.69186187950146
2024-01-08 11:00:00,15.747158821696035,42.68876247562784,1001.5513423424821,413.36917037776175
2024-01-08 12:00:00,18.76568038241083,53.180743282364894,989.9780164077971,372.49071953440307
2024-01-08 13:00:00,14.813439411129275,54.45063035820089,990.1983031745917,329.69676178382264
2024-01-08 14:00:00,22.2800344628325,49.00096984146373,985.28844534082,421.20564592122804
2024-01-08 15:00:00,19.251237700679862,62.67132893417005,997.315621442017,383.08940980164834
2024-01-08 16:00:00,20.038509650619876,52.661826943889025,1009.7529732528466,286.238333076946
2024-01-08 17:00:00,12.693626322081613,43.124364570776756,1009.7082991352727,389.90691231805584
2024-01-08 18:00:00,19.891054252379234,46.51705469757369,1007.8248543418468,319.51179955867116
2024-01-08 19:00:00,20.238137881020588,42.71720236255057,1003.2861559206098,428.21894190362985
2024-01-08 20:00:00,20.252898076272658,49.709895182264155,1001.3527928912458,370.67939205682416
2024-01-08 21:00:00,17.163133886666017,44.1192067834121,997.2995783732835,388.9008489772905
2024-01-08 22:00:00,12.902478561428241,50.39224807512908,1000.6679021224263,278.5270948776689
2024-01-08 23:00:00,10.55892391714949,42.02281319961602,995.6358884756387,307.31919653623305
2024-01-09 00:00:00,18.065061433223274,51.82790942373438,1003.5629291821734,357.4222442789317
2024-01-09 01:00:00,19.374520425593733,51.5444676648296,1007.0980463307773,378.26380356702424
2024-01-09 02:00:00,12.129375070309605,56.86141803046146,993.5986615626074,320.37689377904576
2024-01-09 03:00:00,17.678500855557182,50.634271380747215,997.5120652330883,377.11809130855545
2024-01-09 04:00:00,15.13921311575776,48.573706680235425,997.8828329155953,347.657710660186
2024-01-09 05:00:00,17.335480177256635,65.81288100914354,999.3377476399604,343.5238143811425
2024-01-09 06:00:00,21.119629528830348,55.96511386113347,996.8913628284882,405.08796909139056
2024-01-09 07:00:00,15.187474630973517,52.10577520956567,1006.2127623899363,458.6557149015701
2024-01-09 08:00:00,15.369122439236131,44.831310085947116,990.0234391860749,382.2258860544296
2024-01-09 09:00:00,12.316668806771547,57.39852717897413,1005.1957010051732,385.0258025861326
2024-01-09 10:00:00,21.922956858224296,38.99484338697719,981.345268098342,347.8721890507067
2024-01-09 11:00:00,15.48502977441541,53.83647203744825,995.4500206053225,384.81685377577804
2024-01-09 12:00:00,15.231899403352665,57.14064623243873,999.0818805626967,450.0504982602528
2024-01-09 13:00:00,19.057107821808575,49.95484408999261,1012.8641019857605,317.0247547179383
2024-01-09 14:00:00,20.769126763935834,53.3613525683592,1005.6279821078783,342.2041178065729
2024-01-09 15:00:00,18.65390817144548,52.38919425453424,1004.8360838135314,344.3119257265774
2024-01-09 16:00:00,22.0373213907894,60.934777908606186,992.4098134627657,411.0168264017591
2024-01-09 17:00:00,20.720281869819377,50.80769030262058,998.1212889131075,467.83113543513554
2024-01-09 18:00:00,18.224510140769453,50.877329947941355,1001.9055217810442,448.3770470713468
2024-01-09 19:00:00,20.914856420427835,64.1231647974108,1010.0955887388487,292.2000642292767
2024-01-09 20:00:00,13.935001423848524,46.59799866332444,1001.5618799366897,463.94541955632445
2024-01-09 21:00:00,12.35474067295961,53.87846949302891,996.089894483789,354.24477914268067
2024-01-09 22:00:00,21.2813648906092,43.750967323905144,1004.0490391536576,304.92949363452914
2024-01-09 23:00:00,18.991678839588985,55.24938769803703,1003.8486025515825,326.46502191481983
2024-01-10 00:00:00,14.371064142618794,45.741393570002934,993.6993750955768,335.9279586103481
2024-01-10 01:00:00,11.237917500342398,57.92261610140756,998.9570932197298,404.5792794291183
2024-01-10 02:00:00,20.209459277088758,54.04409780416947,991.2696770373783,431.47034462458106
2024-01-10 03:00:00,20.85176958535751,38.97852617200133,997.1467976827303,296.9907253973161
2024-01-10 04:00:00,15.058301682809207,51.301937431135705,1008.6934505935069,437.7838212354746
2024-01-10 05:00:00,18.649482200336507,33.804715877871665,1004.4978054799861,436.63465965929305
2024-01-10 06:00:00,17.136960559719373,51.89409683014591,1007.0595005806064,428.2289554859915
2024-01-10 07:00:00,10.04732355162959,49.14589208590235,998.3844870371695,400.815892897477
2024-01-10 08:00:00,19.005271751734572,46.67247137751733,1002.8430993337,421.4704898613796
2024-01-10 09:00:00,15.180885234565144,46.94334048996026,1006.0760986527677,363.31311198829144
2024-01-10 10:00:00,18.761251013712243,53.174933501448976,999.0772116245927,506.3848609309934
2024-01-10 11:00:00,16.596808365073162,62.795595467886365,998.9688123726347,446.10160336219707
2024-01-10 12:00:00,16.42339498581657,49.89550973353388,982.5125151318294,420.3799884962052
2024-01-10 13:00:00,18.819838325420104,45.741217820986584,996.6928038519286,386.9070513933157
2024-01-10 14:00:00,13.500283934722946,46.47654930872239,997.1810471384873,328.58425736261785
2024-01-10 15:00:00,16.853562915040126,54.51294692451003,1012.8435136073691,371.2911821265466
2024-01-10 16:00:00,22.61020054312132,48.047626508610335,996.2438614424658,466.45879797886727
2024-01-10 17:00:00,23.008972614157628,55.063159374868086,994.3985650041863,378.21579723703127
2024-01-10 18:00:00,14.951608647079555,49.41357236590934,1007.6315043888923,317.36068498477067
2024-01-10 19:00:00,16.352230852359394,42.74174638443298,1009.5032857695987,329.94839274101764
2024-01-10 20:00:00,20.15921746768504,50.603549918307046,1002.8631496012622,386.9953461683771
2024-01-10 21:00:00,16.071038417333693,49.82507023019713,981.5753457614009,343.0757743001647
2024-01-10 22:00:00,15.879883722952842,54.3071722679906,1008.6635085697994,495.87934346010144
2024-01-10 23:00:00,19.029181771902838,52.307257230986885,988.5931004656026,405.55119170336116
2024-01-11 00:00:00,17.68511271763258,48.541046665062446,999.3077871089986,534.4073040192271
2024-01-11 01:00:00,14.722192715281182,55.21077869301064,1001.0542217740863,408.63054206607785
2024-01-11 02:00:00,15.166406442772912,62.053354833174915,991.2452198428496,357.915219430833
2024-01-11 03:00:00,21.631822442565976,46.22311243707071,1001.9299319646399,393.891524187248
2024-01-11 04:00:00,18.251738862848093,49.63522132788546,1000.9261090135914,304.7276278358633
2024-01-11 05:00:00,19.218067441086394,55.29555042022804,1008.3348710656106,515.9078919907236
2024-01-11 06:00:00,21.34464985453032,55.57181015439187,1000.5530776301617,487.54705914120933
2024-01-11 07:00:00,19.728150006158206,44.51582779135745,1003.3426810620886,397.2632934065675
2024-01-11 08:00:00,19.801063324661495,35.41214485446793,1001.3102272198007,433.1800231534444
2024-01-11 09:00:00,17.894174931738643,61.100398645289545,1004.0385673167448,327.2115504847275
2024-01-11 10:00:00,18.170523274137476,43.02290018698742,1011.4031006815786,405.0558881336256
2024-01-11 11:00:00,15.57745653687322,65.71047095796614,998.5439995266015,363.68273312806923
2024-01-11 12:00:00,15.587429576223743,41.05234085437579,996.6908639760591,386.0826435816505
2024-01-11 13:00:00,17.141918388644058,43.815847951764056,1000.9923670561648,470.32198349786154
2024-01-11 14:00:00,15.280922989618068,52.0973907134394,1005.9890036726459,349.16521153613445
2024-01-11 15:00:00,16.77561860385098,52.10608110567748,995.2233173296075,382.7448380455153
2024-01-11 16:00:00,19.278348621610668,43.16015628263717,1010.3677625171255,353.3223880368
2024-01-11 17:00:00,17.933121930833007,43.742868971702215,1000.0698742852509,367.66927007435896
2024-01-11 18:00:00,14.979997666809659,43.16627874607152,999.7327068210267,418.52869735427856
2024-01-11 19:00:00,15.108018456361108,57.518287563101886,992.1218745204592,401.9945713306941
2024-01-11 20:00:00,19.10817890581742,27.942042868253207,1009.8070451951786,356.82427238007995
2024-01-11 21:00:00,19.773241630320715,54.60148362717484,1013.3921125264756,291.1870862206499
2024-01-11 22:00:00,19.087847486098365,56.38235409537185,996.8213704741447,435.3810744397299
2024-01-11 23:00:00,14.486205630398295,42.19571681149328,984.955663151679,412.49195982074235
2024-01-12 00:00:00,16.656458039713797,49.3531378737996,1004.7826506671657,481.38126434922214
2024-01-12 01:00:00,16.216813846636246,53.339177441157425,983.6803561937037,361.2834974769848
2024-01-12 02:00:00,19.137822416372657,52.20831407364344,1003.4294066051222,366.48748112362483
2024-01-12 03:00:00,18.15942851880871,57.32643147318486,999.5026780460715,475.3767364977705
2024-01-12 04:00:00,11.811941831835313,51.53676609676224,989.9282834769269,554.0128894277922
2024-01-12 05:00:00,13.812167867141874,62.96643180952963,1010.4088867324722,412.4830613639269
2024-01-12 06:00:00,17.551944943482606,33.80138297417448,1005.7582608476258,366.32536054868723
2024-01-12 07:00:00,13.23661324014329,48.32301202879396,994.3019881693735,244.58907904488885
2024-01-12 08:00:00,18.648154320009017,62.572514108888676,1004.7249443350764,374.52061218998966
2024-01-12 09:00:00,19.13114835564235,49.16324336277768,988.6396016946355,324.51354790945305
2024-01-12 10:00:00,17.25813303404244,37.898621691281896,1006.2928121919249,364.22400972572285
2024-01-12 11:00:00,16.14676814345577,50.20475408848993,1004.673697912588,375.4455885945092
2024-01-12 12:00:00,16.415581031180448,65.32862160565408,1008.4554758741352,354.7910293147375
2024-01-12 13:00:00,20.51632798064193,45.54748927080891,998.5840111406978,348.56388875595104
2024-01-12 14:00:00,19.945770199195923,41.00967551008242,1014.8412649930933,325.4815487526665
2024-01-12 15:00:00,15.852601775910152,51.824866121433594,1003.6590933713778,366.00761227409254
2024-01-12 16:00:00,17.189845293415264,59.695725939147,984.3126606048568,380.8516461113183
2024-01-12 17:00:00,15.595111693482695,50.554193494525634,1001.5636031986809,297.7045250975785
2024-01-12 18:00:00,19.69011523042325,49.550225203705224,993.2626990255267,359.5741277312484
2024-01-12 19:00:00,21.566429478356326,56.025236860923705,992.822470041498,458.67668356430323
2024-01-12 20:00:00,10.994114773914761,52.15202705297378,1016.1682815049334,371.02182348140803
2024-01-12 21:00:00,22.916225586229515,56.00321072011041,1012.211244879224,343.07190840035014
2024-01-12 22:00:00,20.57868794957798,45.37642207858846,999.0719934436626,314.90997378427676
2024-01-12 23:00:00,20.667211747250466,44.18538002081016,1001.7182828062628,318.824111178581
2024-01-13 00:00:00,18.11595085337407,59.017366181982396,1005.4930212675073,528.1129375654068
2024-01-13 01:00:00,20.833411449839208,52.350722304810965,1004.4982498837327,329.7420737670943
2024-01-13 02:00:00,13.574325779783619,55.50503573807166,994.3785932036959,384.2594011122453
2024-01-13 03:00:00,21.681796405710898,48.54860807344884,1008.349139343021,387.7513515734052
2024-01-13 04:00:00,22.90544613148974,34.70273885135472,1007.8675385364016,359.21059801534875
2024-01-13 05:00:00,11.280728343093926,46.880364980186414,1004.6179281916214,377.9797102698906
2024-01-13 06:00:00,14.059289278660826,46.61004670971557,988.6981324228623,384.4490615207749
2024-01-13 07:00:00,14.299652407138304,54.462601454581964,1018.6528318750634,254.248836123455
2024-01-13 08:00:00,13.889303503616546,45.72529053366663,1006.1804724595298,395.5933113520277
2024-01-13 09:00:00,23.35268150011902,54.97543101897377,999.5881521317552,408.30875531358964
2024-01-13 10:00:00,18.704157768314406,37.8701767846691,1009.2413614484022,462.15925882925416
2024-01-13 11:00:00,16.179037876315327,54.847757899526044,996.6354994816776,501.36191201904336
2024-01-13 12:00:00,15.459186102317439,47.19722663438389,1009.8948935061185,472.8012032043211
2024-01-13 13:00:00,17.456809793299346,57.9582862725211,1001.4037812986853,394.23820036040735
2024-01-13 14:00:00,14.863119825214797,47.360461355841295,1007.9954282074272,468.20544571520026
2024-01-13 15:00:00,15.67145039393887,49.77681175351261,996.373166247752,342.87719001215004
2024-01-13 16:00:00,18.589910606708496,49.78741964193881,995.7261373760904,492.8979724532658
2024-01-13 17:00:00,11.219209550647362,54.96879547525978,1012.9765181949955,411.19482909177447
2024-01-13 18:00:00,15.628398782393065,44.19693897561866,1012.5212528481305,303.38323078417875
2024-01-13 19:00:00,15.69579101564765,55.78114051049871,1006.8162675873813,414.9638040346687
2024-01-13 20:00:00,23.71901139275325,48.12961264287107,1005.8954473192349,443.81914478870067
2024-01-13 21:00:00,16.697895510927008,50.01624104422965,995.0661833870184,424.82001192313277
2024-01-13 22:00:00,16.423858022323643,42.71482137949627,989.7058955695919,344.8327367637532
2024-01-13 23:00:00,20.25660752360856,53.251932922458415,1002.849969618484,416.666886758125
2024-01-14 00:00:00,17.071117249458357,60.51943265362991,987.4100091516675,480.0461429245372
2024-01-14 01:00:00,15.413275497614618,44.508856215898824,1016.8787179279492,433.98097442805596
2024-01-14 02:00:00,21.40913431721491,55.03375641690544,1004.1152241754149,465.70941544160263
2024-01-14 03:00:00,14.265875563911498,52.99527283211956,985.4462805582853,519.0356638901947
2024-01-14 04:00:00,18.777240354426212,48.15917974668321,991.6495151782277,371.64277562735396
2024-01-14 05:00:00,14.385536599639375,47.886692779654815,1002.4443897600304,332.37959931600375
2024-01-14 06:00:00,16.247739031504263,45.54081957434758,991.2272469560024,504.1972743560703
2024-01-14 07:00:00,20.098760322878046,46.14812013897071,988.1655488973902,420.8643821040558
2024-01-14 08:00:00,14.921004158071698,42.74751782490418,1009.3633676730647,407.22173628341505
2024-01-14 09:00:00,18.92139803540071,50.297170998734366,995.995148275919,400.57606303436927
2024-01-14 10:00:00,12.542502403291167,58.98904361188463,1011.9442910832171,530.2739005843306
2024-01-14 11:00:00,22.227197617397593,44.68314869482856,992.711180721813,395.0077108800276
2024-01-14 12:00:00,21.416837044328844,36.24635225374242,999.9581924033697,391.80694946307614
2024-01-14 13:00:00,15.565929837812666,47.64765333834711,985.6775405686125,321.47141985279524
2024-01-14 14:00:00,21.269883380572182,60.5844610563314,998.3730340969217,347.0873149955277
2024-01-14 15:00:00,17.2269630464435,45.063924708104906,1004.3101227611501,196.2491621143331
2024-01-14 16:00:00,13.6499579242624,54.85432046826537,1007.5163254599967,321.1380304645521
2024-01-14 17:00:00,14.296412851954436,47.85573223073181,996.9136085117683,453.5722896947268
2024-01-14 18:00:00,15.248773244192714,52.85862731338016,989.5171823823575,400.8165374202158
2024-01-14 19:00:00,16.47948221957837,49.25108242331339,998.8621312098659,432.20202529723946
2024-01-14 20:00:00,16.141771002884436,47.36119215312164,1000.3537746322778,333.25305291301135
2024-01-14 21:00:00,14.28794682854498,54.17874863432951,996.2876804552593,446.1150518740737
2024-01-14 22:00:00,15.35318628020587,43.99287090674022,998.1420693142333,506.0536665461803
2024-01-14 23:00:00,18.20401337974717,46.58160811420311,1012.9835446442127,384.80199455104383
2024-01-15 00:00:00,21.785674837047296,48.64322134605532,998.9475288593864,277.0493335574563
2024-01-15 01:00:00,19.2033275488339,56.57628442472399,1005.7319366725336,365.02940573282063
2024-01-15 02:00:00,18.481991667757704,53.901516506406864,1005.9503215423628,367.37253197423
2024-01-15 03:00:00,19.47359649161805,38.3192740729583,994.9924577596494,384.52300963381185
2024-01-15 04:00:00,15.41060674525496,58.06142985770404,993.604237190457,473.5922567592118
2024-01-15 05:00:00,12.737046573521733,51.40458074744401,1001.9251261303966,390.220830473391
2024-01-15 06:00:00,16.35690332612816,35.98212253883637,997.2724676781663,405.1243739315403
2024-01-15 07:00:00,22.437594698013843,52.58057000889357,1013.2545284911234,345.54883894088215
2024-01-15 08:00:00,14.484096742372524,51.04347603504636,997.9007793817867,457.06585976866364
2024-01-15 09:00:00,14.886377243357074,48.12404884917169,1001.276388599011,325.07865769754363
2024-01-15 10:00:00,16.856316038581497,56.12187684992184,991.7036203665575,412.028572399345
2024-01-15 11:00:00,16.7769150743792,40.61804968087989,1002.254920106027,503.99481124827633
2024-01-15 12:00:00,16.254408073066944,47.64900539436553,1007.0359331925591,228.61729777215623
2024-01-15 13:00:00,18.744707026052343,43.47543934054075,985.6579557769281,262.8406492639683
2024-01-15 14:00:00,13.658279676232107,48.966529936107605,1010.7088492569534,411.1211839833755
2024-01-15 15:00:00,18.510704007158093,49.44207945678272,1000.5726098429823,522.5033937676217
2024-01-15 16:00:00,17.03370846065886,54.03864277692956,995.5185606358631,324.40887524363046
2024-01-15 17:00:00,17.083622653471437,48.803104195068215,993.8456924697157,492.00585003083796
2024-01-15 18:00:00,17.103113526840136,54.94223466821661,997.5535775262405,364.25733752882934
2024-01-15 19:00:00,20.327655574297392,64.65903409996885,1010.2024344848943,377.2599094880529
2024-01-15 20:00:00,12.351871230888525,49.38508438645741,988.4783865645568,543.7244850359111
2024-01-15 21:00:00,19.04889580543872,55.51031708725626,996.2286490984374,319.4263894034366
2024-01-15 22:00:00,16.62752364503488,39.63695651725825,993.0242092635249,426.52869279089873
2024-01-15 23:00:00,19.42996657477762,54.16890814939993,1023.1433595155796,377.5585188958559
2024-01-16 00:00:00,19.681490848448274,47.41310532302804,1002.2433325716396,496.6383405092101
2024-01-16 01:00:00,16.795655578995856,43.741874795227154,987.7618803602068,367.9187831447843
2024-01-16 02:00:00,22.32481877712027,49.84600673091157,1000.4401927656912,412.2868862584607
2024-01-16 03:00:00,14.492504153856387,52.60973061129255,1009.730073227458,358.98636405313937
2024-01-16 04:00:00,12.406701821986145,58.419999489768436,993.2036789218206,445.38977288280904
2024-01-16 05:00:00,13.37611022806051,42.100973605111214,1002.6925425210642,374.2299470741885
2024-01-16 06:00:00,12.820960052299272,53.645206661894825,994.5615162816524,440.9042658462126
2024-01-16 07:00:00,17.487925946899917,54.657252797861695,1008.8545297221608,334.63639098205664
2024-01-16 08:00:00,12.767600641085203,52.868430575995,1013.204711165134,433.7879799883247
2024-01-16 09:00:00,18.425834822935823,61.79407843655042,997.3290104456622,402.78534088133216
2024-01-16 10:00:00,19.717533821049436,41.42266348186838,1011.8905265965869,421.2505018925171
2024-01-16 11:00:00,18.70562616734669,44.76454149925639,990.624442992796,354.1487463747023
2024-01-16 12:00:00,19.855001863554552,48.56998816550353,988.7937604287373,551.6731329383863
2024-01-16 13:00:00,14.685243898938232,40.604839585358945,1007.5177990997037,365.4110187727394
2024-01-16 14:00:00,18.406444802270784,53.830390463695245,1000.1336479238757,417.54204909668465
2024-01-16 15:00:00,14.934606776509469,42.91552785642536,1011.4799996421535,437.98047596352836
2024-01-16 16:00:00,18.19474197569215,37.37135129210394,1001.3542899210225,388.673001914345
2024-01-16 17:00:00,16.973495148367785,48.64287053379065,976.2965990554354,423.2168726436803
2024-01-16 18:00:00,12.465511469407422,44.026399931725926,999.6286267839026,385.35764128766647
2024-01-16 19:00:00,22.61662354304376,51.67004106036581,1008.0698528461259,402.62400826297153
2024-01-16 20:00:00,16.66539479617517,55.45209453665666,992.1403014698253,404.5302336329567
2024-01-16 21:00:00,20.702283778763782,57.523425966235116,1011.1995023079186,397.1914230617806
2024-01-16 22:00:00,18.24023598656213,42.78514282376002,992.9739547189201,335.3091949989809
2024-01-16 23:00:00,19.222705518384878,52.0213674075578,1006.1781863368395,327.67421592307306
2024-01-17 00:00:00,16.743969186666703,37.83100795846258,994.2800147486914,418.5874383982181
2024-01-17 01:00:00,18.978671241306916,53.32525995857713,1000.5741203451222,432.75333242169694
2024-01-17 02:00:00,22.042041020941237,52.57691466756996,1004.1107264308206,404.0354681401323
2024-01-17 03:00:00,17.693396788899346,46.52507438815857,996.34998697513,391.11553316258005
2024-01-17 04:00:00,20.95091930939326,56.1437382694531,1009.1237760324583,559.0820723778561
2024-01-17 05:00:00,20.5962512977982,46.78106122722192,1012.2729061072951,438.756756798273
2024-01-17 06:00:00,15.530208358357177,44.31835479578754,1019.0994016062555,421.62613466388603
2024-01-17 07:00:00,17.21257506590161,52.464899933790385,1000.6795415776693,350.8269103710259
2024-01-17 08:00:00,17.51926195005288,47.07240007595532,1003.1121430025928,418.93019953361164
2024-01-17 09:00:00,17.351739885037812,51.97850700808639,1010.1464679679725,291.0159262326383
2024-01-17 10:00:00,15.044076459654896,53.931918152253594,1007.2317106010114,347.03361285499864
2024-01-17 11:00:00,12.69996825591822,38.65612952689354,1006.7510421890635,318.80772917774664
2024-01-17 12:00:00,22.233153877978356,43.018274461056826,1005.6908083319951,490.7765887998631
2024-01-17 13:00:00,17.98510270941378,42.46776890270257,997.6031240401048,335.48734356658946
2024-01-17 14:00:00,13.010773952818141,65.4892339153517,1004.0044249300137,534.334688759369
2024-01-17 15:00:00,13.313165863812436,52.11500493852784,1000.9981647101348,384.77119441797555
2024-01-17 16:00:00,16.982248124589855,61.92442459109654,999.8473554084152,366.3687884311393
2024-01-17 17:00:00,18.634620753178798,48.38470155201673,998.7157060268995,398.86423533512334
2024-01-17 18:00:00,15.600115892056133,40.384140826500506,1008.9488864822694,409.0435316970999
2024-01-17 19:00:00,14.786566604155249,54.110885926289235,1010.854194246467,337.97423803007746
2024-01-17 20:00:00,20.59687122539305,47.25435045974928,992.7256714011911,366.8882833815933
2024-01-17 21:00:00,15.215036222312781,52.59523609048389,1007.5448168333879,370.69240367123365
2024-01-17 22:00:00,16.084293535471193,46.32110655383019,1004.5007687549928,418.29474221540823
2024-01-17 23:00:00,12.907968380021414,48.05811029246747,985.0939855140033,442.3456221687355
2024-01-18 00:00:00,13.492327541280169,57.43742526433516,1010.248298712841,406.8198249386193
2024-01-18 01:00:00,18.485887827808444,42.23063688553362,978.179759670923,455.1464945097816
2024-01-18 02:00:00,19.238374258208562,49.614743279477096,992.7542364986167,321.64003373171516
2024-01-18 03:00:00,21.253333496799044,48.906926187316856,1009.1405944979264,253.11857493409568
2024-01-18 04:00:00,21.790897660521434,45.07585832532748,1002.6030278805268,376.69729894499983
2024-01-18 05:00:00,17.788239401778622,36.938196302029546,1007.1607589713316,474.31931642042014
2024-01-18 06:00:00,14.752970755044986,40.889436908199286,999.3472808481519,453.64986844886147
2024-01-18 07:00:00,22.762225480427688,46.54370408479226,1004.0339787923136,485.7082015261624
2024-01-18 08:00:00,17.143724104063768,60.05299938255701,1015.8153095225539,497.6603649165565
2024-01-18 09:00:00,16.465464804536566,52.35408149931978,1000.8972912891369,387.1184650959408
2024-01-18 10:00:00,18.449134839209723,49.7195890699091,1004.7790307214667,361.41331798641426
2024-01-18 11:00:00,19.340050310372984,49.53630983168972,1003.1904069234464,445.66996187745
2024-01-18 12:00:00,18.41412644000238,57.39963780771725,1001.5978250455015,281.59309078682
2024-01-18 13:00:00,16.539570338548376,49.02398971427374,1007.9432798484304,359.11768293214254
2024-01-18 14:00:00,17.126223234180276,44.133125287458164,998.9354730739965,528.7041587546995
2024-01-18 15:00:00,13.277703962123796,54.85312466714438,1013.5781198047495,420.2808815305264
2024-01-18 16:00:00,11.049640604856485,53.80245793574935,1008.097389636794,264.6122746306924
2024-01-18 17:00:00,18.62726520759949,43.49397505095201,988.0244592278517,529.7770345719861
2024-01-18 18:00:00,17.4403129562469,44.1238074211772,991.0360305737639,428.5686698559977
2024-01-18 19:00:00,17.630895677590207,58.63207330819598,1007.3769647230257,351.6552469196179
2024-01-18 20:00:00,20.94938008866736,48.14843496111731,990.6939037157252,475.7956949814
2024-01-18 21:00:00,16.19716744982179,66.49883315911667,1002.1787046207174,413.6987828511699
2024-01-18 22:00:00,14.254519974996121,40.57516412204234,1005.3325312838615,418.697394201871
2024-01-18 23:00:00,17.581923984232134,42.87739487080486,1014.4565988429349,483.48836992778524
2024-01-19 00:00:00,22.391331644551,46.72548741008027,1010.8473728881654,448.38453708460855
2024-01-19 01:00:00,19.57203101767951,45.71136524320357,1012.0403449723716,463.61006485936963
2024-01-19 02:00:00,16.843053021041644,45.309366443116254,1011.414790891279,518.7589128914254
2024-01-19 03:00:00,14.745808449203414,55.000601900551196,1005.6483298121625,348.5199575767465
2024-01-19 04:00:00,18.069266856199647,48.66435754457817,996.2516643722987,322.31614578604234
2024-01-19 05:00:00,21.496315609341224,57.75678450051612,1012.4067412893892,398.0156707737845
2024-01-19 06:00:00,16.919254609174583,52.93962479081054,1012.2865613306116,403.25564903383787
2024-01-19 07:00:00,14.709886237768904,56.62426108596634,1004.133374435862,504.65114449033234
2024-01-19 08:00:00,17.589978855948402,36.67210291915803,999.3047506976887,354.03571602572856
2024-01-19 09:00:00,14.43287014646795,46.57448580203036,1000.7216111433704,305.81292480873606
2024-01-19 10:00:00,21.63457472425152,64.08975326628364,1003.5032464219425,345.275727837876
2024-01-19 11:00:00,13.988716185986958,59.11572404710629,1017.8864503794988,320.8675272600707
2024-01-19 12:00:00,16.47402364323064,44.46946142715345,999.8947277882639,320.4831444312686
2024-01-19 13:00:00,19.405680290196162,37.337207027945034,1001.8796049329353,394.3980314566649
2024-01-19 14:00:00,18.469011342550644,52.01624503051229,983.7676641383327,509.266014080543
2024-01-19 15:00:00,19.406424550796007,60.476837129954696,996.0805408786397,353.8731486865311
2024-01-19 16:00:00,16.151119292830078,39.785336812832725,1005.9681431318908,415.0277358107973
2024-01-19 17:00:00,18.947599931221614,44.61228591698518,1005.0733555677842,369.346205961312
2024-01-19 18:00:00,20.062300689316746,38.609705292342305,1009.2929511343532,384.12612643962325
2024-01-19 19:00:00,13.394259781623601,62.29656958704941,1013.6876449170555,307.06399813197885
2024-01-19 20:00:00,18.71350887524628,53.69308818891195,988.2739606314135,489.32999342073
2024-01-19 21:00:00,14.383766467046764,42.503399390347845,991.0815822799235,437.9583883137149
2024-01-19 22:00:00,15.84862737835561,66.75002116647597,986.9861501331261,398.21014902919165
2024-01-19 23:00:00,17.617008912792656,48.44926315055818,1011.3594141910071,511.7800002523083
2024-01-20 00:00:00,16.197610704827635,45.267192462804324,1024.3717001643215,394.59006166691137
2024-01-20 01:00:00,19.40124172164431,44.29285787724382,998.599694020991,413.92988545503323
2024-01-20 02:00:00,15.408915004823848,47.42528537584235,1000.4759224538749,358.09495765819344
2024-01-20 03:00:00,19.17455343854068,52.051999705931195,1002.9663237030636,259.59434361917005
2024-01-20 04:00:00,15.18550087385985,43.50255133596777,997.7840417990925,376.63522604689933
2024-01-20 05:00:00,18.155868107779515,50.39690523721503,1003.5949618916325,448.3357189246142
2024-01-20 06:00:00,14.583246853556142,42.608051398700034,997.8065150508719,413.2090830173977
2024-01-20 07:00:00,17.562062266702632,67.9552320598117,1010.0910706541152,465.90276831202544
2024-01-20 08:00:00,23.56420750705367,39.12926661434113,992.1325706951972,332.5467388481382
2024-01-20 09:00:00,16.76239994399734,40.96410944194061,999.9521017417129,420.7302457790244
2024-01-20 10:00:00,16.498048837800592,66.22257497954793,1020.2250021693618,423.01264758792104
2024-01-20 11:00:00,18.60873538536443,54.01966231209662,999.6329388968866,374.4634422405627
2024-01-20 12:00:00,17.878700628235837,53.954260523981105,1003.9197174431625,453.3772311920657
2024-01-20 13:00:00,11.922265984052968,43.93285297415873,1016.8332704552449,245.20205704183425
2024-01-20 14:00:00,18.445981169001545,50.55208531676905,995.8185765353581,496.5645832032478
2024-01-20 15:00:00,16.396230846550463,44.47899716300348,1000.2647331609834,485.66659453573584
2024-01-20 16:00:00,19.903942651518197,41.75399001315518,993.5007328388759,547.2633287999133
2024-01-20 17:00:00,16.935134335744017,45.60607169362609,993.4289596967541,411.910330558826
2024-01-20 18:00:00,16.488989557481478,41.77593300459603,1015.3372369017585,307.9838995630492
2024-01-20 19:00:00,18.512588478174987,38.56158863029476,986.2258665627952,414.7656889617048
2024-01-20 20:00:00,13.330608210705073,58.26705809832239,995.6405221977943,395.8846240899275
2024-01-20 21:00:00,17.172020976019926,72.8109998158967,1006.8172971111716,369.82214505230496
2024-01-20 22:00:00,20.951985770803518,53.159478721924586,990.6392849530412,416.2297868745317
2024-01-20 23:00:00,19.55368888742989,41.44740466931993,994.8914431348429,446.39071538368836
2024-01-21 00:00:00,21.235008295903686,48.01757043244863,1008.2540263940641,296.6713660776517
2024-01-21 01:00:00,14.501201602934929,54.193514529658984,987.9637797151178,313.6373026230475
2024-01-21 02:00:00,21.39038157527354,56.111098276036536,1001.5346617519208,310.81621438022165
2024-01-21 03:00:00,16.096614255092387,48.967555126964704,1007.3461181810793,374.26825036965073
2024-01-21 04:00:00,16.199849165472447,56.598956331805056,994.5683035580341,461.0393796162895
2024-01-21 05:00:00,18.490396821992373,52.4653923109232,1005.9895651353318,408.57898745514655
2024-01-21 06:00:00,17.0441734274977,45.2083383091244,995.3613493228955,472.66052921529666
2024-01-21 07:00:00,20.096926802492792,47.3208740133334,999.1588788720215,386.9819758954033
2024-01-21 08:00:00,12.508503805211774,50.984860628617035,1008.3127220956311,424.8038627308788
2024-01-21 09:00:00,18.82189362194592,52.417919715684434,1004.2271454578475,379.9522529213738
2024-01-21 10:00:00,20.97376934219743,53.177476167001494,1017.6883549587583,393.3293137640547
2024-01-21 11:00:00,16.944936747314568,45.140143668401095,994.8415266192616,451.36947614778245
2024-01-21 12:00:00,15.737586951274926,49.3828137608358,987.4788232767747,443.792090303486
2024-01-21 13:00:00,19.931295258886774,53.731773616688535,1006.5225158292064,379.37238145645193
2024-01-21 14:00:00,16.60138257371902,49.656975542450624,989.4025150917843,433.305615732781
2024-01-21 15:00:00,14.610286331323673,52.99989960253364,981.7516416558252,363.62547389460315
2024-01-21 16:00:00,20.00220644254015,54.84186928797856,1013.670744687839,381.48340795440527
2024-01-21 17:00:00,23.413542324936785,61.772466582949484,996.1112455632938,387.6038964811453
2024-01-21 18:00:00,13.522888389083787,52.60730455532715,993.7652258135328,453.66397954854943
2024-01-21 19:00:00,16.514522907277655,50.01762415043408,989.8583054936935,274.04736872279346
2024-01-21 20:00:00,19.012312992527026,58.414821100782184,1009.8416649737793,419.66116060314266
2024-01-21 21:00:00,18.173797938677875,58.047052252992565,994.4899917510335,471.96697215376247
2024-01-21 22:00:00,14.74357896153874,42.95901569863077,997.5364310113115,412.2751101978995
2024-01-21 23:00:00,17.386180279338678,52.90017031839792,996.3467787962387,538.3084986093854
2024-01-22 00:00:00,23.702560103626723,48.05624887986459,1009.8228743080332,379.3228466207091
2024-01-22 01:00:00,15.32529835528432,42.6589265337897,998.0388782527153,501.2284702050658
2024-01-22 02:00:00,13.98745884097005,47.107738845054904,1001.1680842872621,362.8352230643622
2024-01-22 03:00:00,15.870833604864998,52.464814855649074,986.1347443390429,457.7859701673535
2024-01-22 04:00:00,15.043850004335892,53.288244026897615,1006.1473309265001,302.2316864533107
2024-01-22 05:00:00,21.92715395729958,51.03720396795479,1000.7794229079976,406.0167830091494
2024-01-22 06:00:00,14.980172264254586,53.27308135011302,1006.9520393215138,474.9271658349415
2024-01-22 07:00:00,15.55400200779006,59.770007693612875,1012.833531209696,307.6048154064951
2024-01-22 08:00:00,14.51108349137197,53.50752774388565,988.8084658205676,336.5079776133947
2024-01-22 09:00:00,16.489830054924358,53.99039581606811,1014.0924541227797,502.5560306076457
2024-01-22 10:00:00,11.82879228260846,44.45887947283547,1005.2312960819236,427.32035965384324
2024-01-22 11:00:00,15.81266388308724,46.8583913704388,993.7400894129288,294.79738048285975
2024-01-22 12:00:00,19.283751725197458,46.31000714446905,996.3776296972188,376.13739530656176
2024-01-22 13:00:00,14.685576010657057,59.854316816060056,1012.9759155698795,258.8732652831457
2024-01-22 14:00:00,14.434090177898923,48.51071986650734,1011.5351353846368,410.18454133097435
2024-01-22 15:00:00,22.36209588563626,50.17763758298702,995.4130471241665,479.54677072013095
2024-01-22 16:00:00,17.707557448281545,51.204921833108365,997.4357056777156,357.99959461335993
2024-01-22 17:00:00,16.753286597789153,32.38936011987257,1003.4403864811719,436.5777574495253
2024-01-22 18:00:00,18.959835117413956,45.381543882712236,1002.226397522896,356.4068259962457
2024-01-22 19:00:00,19.25098501213489,56.75602591566504,1010.5181380954431,389.1348320865891
2024-01-22 20:00:00,18.787161968473892,51.345211925330496,1008.595457180579,445.130249948304
2024-01-22 21:00:00,18.3124238672186,40.36451888888937,1001.582042936038,317.82105778200963
2024-01-22 22:00:00,17.971417322094492,56.66056335617341,986.539794754749,383.4711183928598
2024-01-22 23:00:00,14.417298990131362,47.0936084402575,1001.4863927967664,351.2761639559053
2024-01-23 00:00:00,15.2186367175269,57.02170449800398,1008.9691567032745,369.4931101185546
2024-01-23 01:00:00,20.255936395589185,50.54677313427646,996.3691359449394,347.2518915874555
2024-01-23 02:00:00,14.978914780298327,40.34257587619439,999.048081007515,409.123200932324
2024-01-23 03:00:00,20.207253248519873,52.30164860670475,1007.5603353512957,385.7101029749603
2024-01-23 04:00:00,18.802668878798258,56.97967246639541,1000.6277267978063,429.3784180554394
2024-01-23 05:00:00,18.552387049805766,45.693791794399154,996.8036521868959,417.8460883649812
2024-01-23 06:00:00,18.36737957736151,48.89405569500849,1008.7290316215609,559.9310695750028
2024-01-23 07:00:00,19.259820997381013,41.873543902185155,1008.4476997590714,339.5263769467085
2024-01-23 08:00:00,14.880735095293728,38.17288488354794,999.4579724222276,361.69193407771405
2024-01-23 09:00:00,20.093706110486604,43.94129380173363,1007.7615761620905,460.5475348529976
2024-01-23 10:00:00,14.738407745342295,45.64514905616039,994.509627734346,420.86640093377474
2024-01-23 11:00:00,22.535794660129827,52.67063642281817,982.2002416212184,378.71836470017917
2024-01-23 12:00:00,16.828231777432183,50.63363098832033,1001.0101519701435,543.0074639956445
2024-01-23 13:00:00,11.348048458860305,48.80582849414981,1005.5306159710159,468.41856236199857
2024-01-23 14:00:00,21.40206394159669,61.174588722993484,994.2938952337566,459.42623676987154
2024-01-23 15:00:00,17.6491532658922,39.250700297237636,994.2337557649433,349.4799562984436
2024-01-23 16:00:00,19.100663095815744,44.140019107829964,1004.6861368823052,349.8713436504447
2024-01-23 17:00:00,15.501191171744798,44.569858866596284,1005.8415314799928,352.9391238104874
2024-01-23 18:00:00,16.105615847625312,47.462563113851665,1003.2328843451725,379.94580225967417
2024-01-23 19:00:00,14.254632680215465,53.12772557884227,1011.4985913877904,340.66351378645936
2024-01-23 20:00:00,18.60611504623589,49.20849211032223,982.9911549015764,308.9572029348376
2024-01-23 21:00:00,17.11726092474016,50.30040626208224,1011.8497713543358,411.67182159842827
2024-01-23 22:00:00,18.921952621509977,44.68921027585307,999.7187323127936,415.8651208397037
2024-01-23 23:00:00,13.002791622527065,62.70660889572849,997.3084828574932,373.70024443475177
2024-01-24 00:00:00,18.85442374084872,39.35002690703011,1001.6851984211718,343.01510013382386
2024-01-24 01:00:00,21.70699685715982,68.03849992335346,993.8408854271856,424.6720783741803
2024-01-24 02:00:00,13.584859647032607,62.03967449998461,990.5473878065941,338.42475194415846
2024-01-24 03:00:00,18.28656098973257,50.84132670993066,1004.8449905839321,409.34256913865255
2024-01-24 04:00:00,15.552574152162835,45.4607217375252,998.2113690089677,463.4534417969341
2024-01-24 05:00:00,17.038484794172618,53.360726725901344,1000.1540707200579,391.7488050836132
2024-01-24 06:00:00,20.04216337998183,42.87221345146455,994.5341585459273,426.21113019204904
2024-01-24 07:00:00,16.768495202043173,56.40810955975317,997.2399833969431,367.88479608666694
2024-01-24 08:00:00,16.531263527228784,38.87271422830603,997.6861575241014,354.7403694539751
2024-01-24 09:00:00,17.04131879688967,55.24470349000156,997.5359162185587,394.0843572129431
2024-01-24 10:00:00,15.49539122236257,51.942928485113505,989.8187986085953,393.5032191615757
2024-01-24 11:00:00,18.931094354173172,52.34408009979796,999.4509286796037,401.4743463923707
2024-01-24 12:00:00,17.33835633466905,49.75109648075247,991.5852423591773,467.8513552463089
2024-01-24 13:00:00,21.97504879863263,57.545842133361155,997.6346051891852,366.5711967912226
2024-01-24 14:00:00,12.305586958781474,45.836542811354754,987.9535923065315,331.43665034743964
2024-01-24 15:00:00,15.433161868013519,48.32218885363216,1001.9540008898484,409.4705250517327
2024-01-24 16:00:00,20.761053557357844,54.23106984811258,995.94771374452,378.99296953653226
2024-01-24 17:00:00,19.557750557516524,49.7778403092128,1001.8294310710945,496.4556828179121
2024-01-24 18:00:00,14.832599285409103,51.925723850942,1001.1458570813061,536.9323119330817
2024-01-24 19:00:00,18.955781995241228,53.802464736601344,997.393519384047,507.8668158503479
2024-01-24 20:00:00,16.861486583305165,49.675793435896225,986.2283490762075,432.5086884422464
2024-01-24 21:00:00,16.38761030620402,52.37165824823106,1016.1906679893099,245.32217188062862
2024-01-24 22:00:00,18.300543528999594,49.422755988328156,1010.7191806279808,382.58282573419336
2024-01-24 23:00:00,15.127795241631324,44.18629924645592,999.4358330078579,405.79043586887354
2024-01-25 00:00:00,14.458157181549671,55.900892625951116,1011.1889078945546,384.19744235860963
2024-01-25 01:00:00,15.855752668300378,46.01294320550513,999.3703211867465,414.3179762023003
2024-01-25 02:00:00,17.457503874389683,46.12790855948541,1008.233749554513,375.5227840844554
2024-01-25 03:00:00,19.363414679873113,45.56828384672363,999.3282297179711,362.7079504158922
2024-01-25 04:00:00,17.757035919039545,57.39502751144001,1006.2505322469397,396.60398236317906
2024-01-25 05:00:00,18.50291242756563,59.91950345043808,1004.619912517495,424.1281889188337
2024-01-25 06:00:00,15.322779994667973,52.32362523520885,992.7631205705139,340.8298248519096
2024-01-25 07:00:00,16.422513701666475,55.14562992014928,986.7773964955626,409.8672149696924
2024-01-25 08:00:00,13.9151574238155,41.34887891011479,1010.145641345835,549.1367913425316
2024-01-25 09:00:00,19.623277192377426,44.93736365251349,994.1070540022592,455.0524157973461
2024-01-25 10:00:00,18.505515432553214,56.833728141728805,995.5547113791145,530.2826772609811
2024-01-25 11:00:00,18.046029107886103,50.691522534838874,996.4215901352842,476.1254316187706
2024-01-25 12:00:00,20.54221292224658,39.17651999970343,1008.8722398077634,371.0624757968041
2024-01-25 13:00:00,14.657861836848861,47.91295966960769,1000.2239709427549,356.92399769950845
2024-01-25 14:00:00,15.652314697274853,51.0778804863157,992.4114610509615,415.30926277112695
2024-01-25 15:00:00,16.199731126976154,51.29287016637216,1006.5411446352437,388.92347883919837
2024-01-25 16:00:00,16.222897279478346,50.03806070351689,1005.5079907277535,443.6081684437141
2024-01-25 17:00:00,16.971327924078327,33.54098299322019,1011.4689799502418,457.6486507641248
2024-01-25 18:00:00,18.550250518057982,51.055363731749544,1012.4262436425789,351.7644874387956
2024-01-25 19:00:00,19.48056707375149,48.351517510136766,1000.9550133022523,343.14111416167407
2024-01-25 20:00:00,21.26419765870106,42.69835006850234,978.5257522132066,322.74701293900654
2024-01-25 21:00:00,16.49685344617875,46.33760120396954,985.9911874022473,364.7395309851501
2024-01-25 22:00:00,19.808263431378702,43.13159667244767,999.8322373231196,384.0991940723404
2024-01-25 23:00:00,20.317873862023916,55.71822861119696,1009.984778849105,381.273018906083
2024-01-26 00:00:00,13.759157230494154,45.6243910541206,995.9644608068803,386.79682434773457
2024-01-26 01:00:00,18.347218444881687,48.216044312578724,1010.004953737096,441.2150832733427
2024-01-26 02:00:00,17.677646666098514,50.668703676764885,1000.4764303026233,349.05914813002704
2024-01-26 03:00:00,19.884420111885394,35.60193365687866,1013.9294369147648,440.33622695838056
2024-01-26 04:00:00,17.629888385327213,47.31444190161137,999.1813604231266,288.3715074574812
2024-01-26 05:00:00,13.7211950295006,43.68447411003299,996.7471495990532,391.6912096577953
2024-01-26 06:00:00,14.926175404445269,51.88938370929731,1000.0075286494016,391.9937487198376
2024-01-26 07:00:00,17.11916970114547,41.209747941272234,1003.4790288119434,472.9544795249769
2024-01-26 08:00:00,15.913867093053431,43.05021075699483,988.9551439614085,330.5761662206741
2024-01-26 09:00:00,17.854185499078305,48.992433785703895,1004.8009810893049,389.7419049699931
2024-01-26 10:00:00,14.633859871722656,54.09805965760432,1010.5975967129398,341.896494494445
2024-01-26 11:00:00,17.72366023227849,58.64004628511359,987.8962276995381,451.38664720159096
2024-01-26 12:00:00,16.60911054378239,56.42536714405339,990.7388481513407,477.61094467151923
2024-01-26 13:00:00,21.80921189855533,44.17320920323409,996.2417911407852,414.60833878780636
2024-01-26 14:00:00,14.317620974713916,57.495356895222024,992.9550654374749,371.3795614672317
2024-01-26 15:00:00,16.397830853201896,54.50242638938997,1003.4747584773933,485.72584774729165
2024-01-26 16:00:00,15.788686784982778,50.97737440497996,1002.8768370066541,402.2674146580817
2024-01-26 17:00:00,17.419366606040786,61.11304213348249,1002.7775045021725,434.7314812517443
2024-01-26 18:00:00,12.326409614023811,33.074247974995664,1019.1817995979459,301.34573094056043
2024-01-26 19:00:00,12.380400346324931,46.942282392647336,985.8448826171749,411.96305059127917
2024-01-26 20:00:00,14.860648463199446,61.18144082223848,997.7202108951947,386.70323073129407
2024-01-26 21:00:00,18.566716510578065,53.26519648818505,1002.7234884571111,411.08180072400955
2024-01-26 22:00:00,18.456468722410857,52.76213869468464,997.0644685799366,415.8576132675774
2024-01-26 23:00:00,17.150272605446457,51.38386419450253,1000.3923998769761,471.6221162248103
2024-01-27 00:00:00,16.22740094391658,52.310341525952715,994.5819597824366,374.67838769923964
2024-01-27 01:00:00,21.132212040303983,59.718258465045146,991.606340211044,493.74294397997124
2024-01-27 02:00:00,14.867532503568045,41.35530039876944,1026.6665082954578,463.57559580847027
2024-01-27 03:00:00,15.956765102237519,61.59932818931239,1000.5625669769183,438.0556235270537
2024-01-27 04:00:00,14.633519506437361,52.56786400489336,992.9065227630313,310.1326920410233
2024-01-27 05:00:00,20.798490944292148,58.55575087120675,1003.8090311019614,354.9269231153521
2024-01-27 06:00:00,18.58078974860957,55.7524424743465,999.2225480719136,292.0619819801138
2024-01-27 07:00:00,15.097415115969788,50.93192871300775,992.4206775427829,426.80778018962206
2024-01-27 08:00:00,19.580514358231863,46.44400786806995,1001.6864718474188,337.22014816436524
2024-01-27 09:00:00,16.426033257280935,53.089224574127094,988.5120210603112,490.04293336047044
2024-01-27 10:00:00,16.061152505315082,37.86561819574123,995.4062479252942,310.96332016862596
2024-01-27 11:00:00,21.91172545143175,62.52229372223312,989.8558571120611,360.9906286202275
2024-01-27 12:00:00,13.224856731228053,47.87939062766082,1008.3763677090706,474.9983855526703
2024-01-27 13:00:00,14.848607739044459,45.3982314085109,1002.1607787289222,398.72827523959785
2024-01-27 14:00:00,18.706293087467476,49.17462846852462,995.0205864632253,357.5942757308892
2024-01-27 15:00:00,20.100468247092074,48.75851246672948,1000.5473978622614,444.98162431732345
2024-01-27 16:00:00,19.200330359369136,58.01307685354462,989.8300418067146,383.44518919923894
2024-01-27 17:00:00,20.23130760566838,54.95196215985653,998.52441939847,291.58841720857
2024-01-27 18:00:00,14.249742347390317,42.96555603320274,1006.437071946673,355.99693245132374
2024-01-27 19:00:00,18.54687679353706,45.85498287762198,989.2855470499321,418.5788784933938
2024-01-27 20:00:00,16.17070528652458,41.417744395051606,1001.5128602681867,444.2133394213486
2024-01-27 21:00:00,16.31005078112469,43.164191180753114,1002.9801534909585,414.9205782448627
2024-01-27 22:00:00,16.29705625802848,54.25992063964548,999.0632621389473,382.79568083526834
2024-01-27 23:00:00,14.328570153518411,57.499794291229534,996.6714134404305,503.8714053163597
2024-01-28 00:00:00,19.362377358274586,50.5947440088702,997.0079768079186,437.5489465080888
2024-01-28 01:00:00,13.946044551169578,53.33970938109229,1008.7146188694351,357.1291168320804
2024-01-28 02:00:00,11.130663322233909,51.073862819427795,1010.8363643553848,334.15798493956237
2024-01-28 03:00:00,16.98244016135092,51.12424278869704,1006.8688965200481,391.02237672966345
2024-01-28 04:00:00,16.20151749510433,38.90762867552788,989.8693190885556,379.57629287315757
2024-01-28 05:00:00,19.981907179675304,52.81452778319701,1007.8853645324497,337.10088472181366
2024-01-28 06:00:00,11.99049919036185,34.56860514095284,1002.5131208182517,322.36995201923213
2024-01-28 07:00:00,11.539742768856579,47.20487898365638,998.9164365942925,338.42785331051095
2024-01-28 08:00:00,19.229315793941833,56.97905563986109,1010.058523027666,362.87055022072786
2024-01-28 09:00:00,15.997393383015966,52.561629204320276,1002.4157591725219,455.41550174197863
2024-01-28 10:00:00,18.002290033570134,51.97983164761626,1008.4366910423411,373.5910474098869
2024-01-28 11:00:00,12.661438367616737,47.6876881300266,1002.8345959747121,289.61323579407605
2024-01-28 12:00:00,20.615750848631937,61.0774046011044,989.4546522523424,430.69343893686533
2024-01-28 13:00:00,15.510071578058524,57.11265052965174,1008.1017923891168,336.04096044731585
2024-01-28 14:00:00,18.036900168684994,42.336303348716406,1006.8814543576281,368.3131766991027
2024-01-28 15:00:00,12.885982640807208,59.22522106108628,987.4438403661144,301.55074524746243
2024-01-28 16:00:00,22.728712122194565,41.13469576591081,1007.3513150775871,476.49091916670176
2024-01-28 17:00:00,18.34951828624919,53.35090832719528,990.3628499142704,462.8215175999538
2024-01-28 18:00:00,14.823841767511054,49.039187950508904,992.8889872564215,489.42045195055533
2024-01-28 19:00:00,18.299593716701946,50.562013660259176,994.2333826735039,420.3410686540415
2024-01-28 20:00:00,19.49181706850011,45.284842787382786,1005.9082331931882,373.22207848691846
2024-01-28 21:00:00,17.559761121985726,52.31016009419307,988.6772921794337,386.88272961204575
2024-01-28 22:00:00,13.405940137045825,48.8961928203146,989.5569965613796,351.5238122432367
2024-01-28 23:00:00,18.850479849945863,49.36902588655665,1008.05707658228,387.99938190644906
2024-01-29 00:00:00,17.987248948106032,61.214386996245615,998.0253350290154,501.3658346810114
2024-01-29 01:00:00,17.061163581686362,46.415136101401,1009.3559886471697,441.00367147766514
2024-01-29 02:00:00,19.079247978949955,55.113774903845986,1007.1688421194893,501.5353957864131
2024-01-29 03:00:00,19.416937202302304,55.94215336273996,1002.1062214658479,326.44687696338775
2024-01-29 04:00:00,16.60285830025765,54.22837685400405,1005.359528936137,443.68467202067905
2024-01-29 05:00:00,17.271055587151228,56.75981993116559,1000.2048615960915,488.65705646046626
2024-01-29 06:00:00,18.163416101011656,49.81412320574102,1002.9144374549984,459.0530745668202
2024-01-29 07:00:00,18.1890697730995,46.930343531714755,988.0644658303308,406.51034578106464
2024-01-29 08:00:00,16.677276072345467,67.51462492826722,1007.2923073030892,439.4058959536335
2024-01-29 09:00:00,11.775245950141004,38.48832272895878,1002.7710562342686,517.6711065351881
2024-01-29 10:00:00,14.598885386119017,42.21868503477608,1001.9462301594973,426.95339710743286
2024-01-29 11:00:00,13.497183475504663,63.33218301507196,988.9468343455557,412.89437873410446
2024-01-29 12:00:00,13.889786458672035,56.156559347906246,999.6417742497448,260.4590016086236
2024-01-29 13:00:00,15.210902651128217,47.349300170047904,998.8090885316038,430.52135901051435
2024-01-29 14:00:00,17.888557000030527,51.2773925470325,995.1480494302117,379.4487887926639
2024-01-29 15:00:00,21.368804844190024,49.00627864151421,997.916851903551,320.40961871379983
2024-01-29 16:00:00,16.165849465006264,52.526988852127005,1003.7168523820665,446.0942931145742
2024-01-29 17:00:00,14.688676219700655,53.66327759849468,1000.3390916918289,387.1099636700265
2024-01-29 18:00:00,19.414463409386023,45.78368223550637,992.4485348084337,418.31404608084796
2024-01-29 19:00:00,17.391695751650236,39.0184243466929,994.3122571261761,432.9163683966107
2024-01-29 20:00:00,10.96943669886152,54.18172380015465,1001.6399627220593,325.9538031030448
2024-01-29 21:00:00,18.550688830505994,62.04471998400724,1003.9534785251575,385.5763441928468
2024-01-29 22:00:00,22.898171658312084,54.75619540893333,988.7120563749492,301.08928478699
2024-01-29 23:00:00,19.198831699496342,49.91377494742193,996.0161685968415,325.2981220180904
2024-01-30 00:00:00,13.330576417216085,53.658464311125876,1002.0599792971756,357.8942109794236
2024-01-30 01:00:00,17.360126902028867,59.0894602635852,1014.2543456908824,437.8880855851903
2024-01-30 02:00:00,16.496112350370705,50.21887646339301,992.3876119984794,343.5174099177262
2024-01-30 03:00:00,21.591797271559784,50.73580492163572,1000.107480294092,321.60860946318627
2024-01-30 04:00:00,16.858628711557184,44.208737261490604,994.7593646413442,452.98054112513404
2024-01-30 05:00:00,12.558139897599434,46.44260729767729,1000.7751187410196,389.58427507323887
2024-01-30 06:00:00,14.299871035265754,53.06073515133073,984.7359580862477,424.2042708561997
2024-01-30 07:00:00,15.652333655852635,57.11016204710128,988.5067334345989,349.99389933104726
2024-01-30 08:00:00,18.159859029525027,56.471924110030976,998.8953638220642,269.6145464381225
2024-01-30 09:00:00,17.368994960869067,61.111212428676446,1001.7660412234159,311.56290887754875
2024-01-30 10:00:00,19.392674477863768,45.654699206783995,1002.9948032682431,292.8618014388912
2024-01-30 11:00:00,17.56097688251244,54.136887217077316,998.7309687173453,351.4531315945963
2024-01-30 12:00:00,16.059519028184642,63.13333801287869,994.8346480752983,343.31694133212244
2024-01-30 13:00:00,20.988225010939853,55.49544632565315,1003.6289163693364,454.2727939325771
2024-01-30 14:00:00,16.006848879285283,59.46839754733063,1007.8886513000947,407.3078887839393
2024-01-30 15:00:00,21.308523641392792,49.004593893233334,1000.4886842883699,464.70209797999956
2024-01-30 16:00:00,16.69614115087806,37.89360171024781,995.3408479562518,367.04459507884553
2024-01-30 17:00:00,22.496997466332317,49.048362504895636,1005.0447714186552,351.3678415228757
2024-01-30 18:00:00,12.385215983186042,46.6667607776022,1000.2244470002784,388.4131220111067
2024-01-30 19:00:00,19.70471374966714,57.14258725774439,1003.8449565416877,525.8007451037408
2024-01-30 20:00:00,19.81886439608806,51.354953247220436,1003.0132358511905,456.7134738022001
2024-01-30 21:00:00,20.202220407294195,50.59453299152162,998.9054928840789,326.6294666664007
2024-01-30 22:00:00,16.109806349300985,57.047329792314436,989.986826324675,394.675670307795
2024-01-30 23:00:00,17.139236356796356,45.328269803038076,1012.4737908217522,481.0446699187716
2024-01-31 00:00:00,28.950535194966818,38.83187240956117,973.4184295869288,590.7979833214442
